{
  "timestamp": "2025-08-26T08:15:51.304712",
  "changes_detected": [],
  "nodes_updated": 13,
  "scan_duration": 0.4114799499511719
}